method,silhouette,ARI,NMI
kmeans,0.11985668301332074,0.13901137842309047,0.20857158510344703
agglomerative,0.09640753985331331,0.1960021455302637,0.26087818523044115
